Directory,AppTime Aggregate,MPITime Aggregate,MPI%
,0.298727,0.164262,54.99
,1.612701,1.369915,84.95
6,8.715055,8.357136,95.89
