Directory,AppTime Aggregate,MPITime Aggregate,MPI%
,0.070357,0.058136,82.63
6,5.229079,5.20721,99.58
,1.114591,1.087789,97.6
